Sheet,Student_ID,Score_1,Score_2,Score_3,Score_4,Score_5,Score_6,Score_7,Score_8,Score_9,Score_10,Score_11,Score_12,Score_13,Score_14,Score_15,Score_16,Score_17,Score_18,Score_19,Score_20,Midterm_I,Midterm_II,Final_Exam,Score_21,Score_22,Score_23,Score_24
1,S1_3,113.0,62.0,0.0,47.0,80.0,80.0,3.5,2.5,1.0,1.0,2.0,1.0,12.0,2.0,9.5,3.56,6.5,2.43,32.5,14.62,9.5,6.5,32.5,9.5,2.5,5.0,25.145
1,S1_4,61.0,43.5,0.0,22.0,38.0,50.0,1.5,5.0,0.5,0.0,0.0,1.0,3.0,5.62,18.5,6.93,9.0,3.37,28.0,12.6,18.5,9.0,28.0,9.5,2.5,5.0,25.145
1,S1_5,104.0,67.0,72.5,45.0,120.0,90.0,5.0,10.5,10.0,10.0,6.5,5.0,9.0,2.0,28.5,10.68,17.5,6.56,74.75,33.63,28.5,17.5,74.75,9.5,2.5,5.0,25.145
1,S1_6,0.0,52.0,61.0,20.5,55.0,58.0,4.5,5.5,1.5,0.0,8.0,4.0,3.0,2.0,10.5,3.93,4.0,1.5,39.5,17.77,10.5,4.0,39.5,9.5,2.5,5.0,25.145
1,S1_7,118.0,62.0,85.5,39.5,109.0,90.0,5.0,8.5,9.5,10.0,7.0,4.5,10.0,2.0,22.75,8.53,13.75,5.15,70.5,31.72,22.75,13.75,70.5,9.5,2.5,5.0,25.145
1,S1_8,0.0,47.0,44.0,23.0,51.0,4.5,2.0,6.0,0.5,0.0,1.0,2.0,3.0,5.62,6.5,2.43,5.0,1.87,13.25,5.96,6.5,5.0,13.25,9.5,2.5,5.0,25.145
1,S1_9,105.0,65.0,67.5,47.0,93.0,87.0,3.5,8.5,0.0,1.0,1.0,2.0,9.0,2.0,14.0,5.25,24.26,9.09,58.25,26.21,14.0,24.26,58.25,9.5,2.5,5.0,25.145
1,S1_10,113.0,59.0,51.5,33.0,66.0,49.0,4.5,2.0,0.5,0.0,0.0,1.5,2.0,2.0,9.0,3.37,4.75,1.78,27.75,12.48,9.0,4.75,27.75,9.5,2.5,5.0,25.145
1,S1_11,0.0,65.5,60.5,28.0,62.0,73.0,2.5,6.5,9.0,10.0,10.0,3.5,8.0,2.0,14.75,5.53,17.5,6.56,60.5,27.22,14.75,17.5,60.5,9.5,2.5,5.0,25.145
1,S1_12,105.0,60.0,39.5,50.0,80.0,89.0,0.0,2.0,5.5,1.0,1.0,1.5,7.0,2.0,15.5,5.81,6.25,2.34,40.0,18.0,15.5,6.25,40.0,9.5,2.5,5.0,25.145
1,S1_13,92.0,51.0,0.0,35.0,85.0,72.0,2.5,5.5,1.5,1.0,1.0,2.0,1.0,2.0,18.5,6.93,16.25,6.09,47.5,21.37,18.5,16.25,47.5,9.5,2.5,5.0,25.145
1,S1_14,122.0,54.5,79.0,35.0,90.0,4.5,3.5,5.5,0.0,1.0,1.0,4.5,4.0,2.0,14.0,5.25,5.75,2.15,45.75,20.58,14.0,5.75,45.75,9.5,2.5,5.0,25.145
1,S1_15,109.0,0.0,75.5,33.0,100.0,88.0,3.0,4.5,6.0,0.0,1.0,3.5,2.0,2.0,15.0,5.62,5.0,1.87,47.25,21.26,15.0,5.0,47.25,9.5,2.5,5.0,25.145
1,S1_16,0.0,62.0,79.0,50.0,88.0,90.0,4.0,7.0,0.0,10.0,3.0,4.0,4.0,2.0,15.5,5.81,14.0,5.25,61.25,27.56,15.5,14.0,61.25,9.5,2.5,5.0,25.145
1,S1_17,0.0,63.5,85.0,50.0,96.0,33.0,5.0,4.0,4.0,10.0,3.0,4.0,4.0,2.0,21.5,8.06,29.5,11.06,49.25,22.16,21.5,29.5,49.25,9.5,2.5,5.0,25.145
1,S1_18,104.0,0.0,0.0,49.5,94.0,80.0,4.5,3.0,9.5,1.0,0.0,5.0,6.0,2.0,19.0,7.12,18.5,6.93,65.25,29.36,19.0,18.5,65.25,9.5,2.5,5.0,25.145
1,S1_19,103.0,0.0,80.0,50.0,110.0,90.0,4.0,9.0,10.0,10.0,2.0,5.0,12.5,2.0,29.5,11.06,19.25,7.21,63.75,28.68,29.5,19.25,63.75,9.5,2.5,5.0,25.145
1,S1_20,73.5,53.5,65.0,37.0,90.0,53.0,1.5,2.0,0.5,0.0,1.0,3.5,2.0,2.0,14.5,5.43,11.0,4.12,44.5,20.02,14.5,11.0,44.5,9.5,2.5,5.0,25.145
1,S1_21,108.0,44.5,50.0,43.5,80.0,54.0,5.0,5.0,4.0,1.0,1.5,4.0,9.0,2.0,21.5,8.06,17.0,6.37,45.5,20.47,21.5,17.0,45.5,9.5,2.5,5.0,25.145
1,S1_22,107.0,56.0,82.5,47.0,40.0,65.0,5.0,9.0,9.5,10.0,10.0,4.5,10.0,2.0,29.25,10.96,21.75,8.15,64.0,28.8,29.25,21.75,64.0,9.5,2.5,5.0,25.145
1,S1_23,119.0,42.0,72.0,46.0,108.0,80.0,4.5,8.0,1.5,0.5,3.0,3.5,8.0,2.0,19.0,7.12,18.5,6.93,66.5,29.92,19.0,18.5,66.5,9.5,2.5,5.0,25.145
1,S1_24,75.0,0.0,0.0,15.0,87.0,4.5,2.5,6.0,1.0,0.0,2.0,2.0,12.5,5.62,12.5,4.68,2.0,0.75,14.0,6.3,12.5,2.0,14.0,9.5,2.5,5.0,25.145
1,S1_25,103.0,52.0,60.0,21.0,65.5,79.0,4.5,9.0,1.0,0.0,3.0,3.5,9.0,2.0,19.5,7.31,14.75,5.53,58.75,26.43,19.5,14.75,58.75,9.5,2.5,5.0,25.145
1,S1_26,56.5,0.0,61.0,25.5,59.0,71.0,3.5,3.0,2.0,0.0,2.0,3.5,4.0,2.0,12.0,4.5,13.25,4.96,35.75,16.08,12.0,13.25,35.75,9.5,2.5,5.0,25.145
1,S1_27,110.0,53.5,70.5,30.0,61.0,73.0,3.5,8.5,1.0,10.0,5.0,2.5,5.0,2.0,13.5,5.06,6.5,2.43,43.5,19.57,13.5,6.5,43.5,9.5,2.5,5.0,25.145
1,S1_28,89.0,40.0,32.5,33.5,54.0,49.0,3.0,3.5,0.0,0.0,3.0,2.0,3.0,2.0,11.5,4.31,4.25,1.59,43.5,19.57,11.5,4.25,43.5,9.5,2.5,5.0,25.145
1,S1_29,92.0,70.0,82.0,42.5,38.0,84.5,4.0,7.0,3.0,0.0,8.0,4.0,3.0,2.0,11.75,4.4,11.5,4.31,40.0,18.0,11.75,11.5,40.0,9.5,2.5,5.0,25.145
1,S1_30,101.0,49.5,0.0,47.5,88.0,46.0,3.0,8.5,0.5,0.0,1.0,2.0,2.0,2.0,17.5,6.56,7.75,2.9,24.25,10.91,17.5,7.75,24.25,9.5,2.5,5.0,25.145
1,S1_31,62.0,0.0,57.0,30.0,87.0,67.0,0.0,10.0,0.0,1.0,3.0,0.0,6.0,2.0,9.0,3.37,4.25,1.59,27.75,12.48,9.0,4.25,27.75,9.5,2.5,5.0,25.145
1,S1_32,84.0,51.0,44.5,28.0,80.0,48.0,2.0,7.0,1.0,0.0,9.0,3.0,7.0,2.0,14.0,5.25,4.0,1.5,36.25,16.31,14.0,4.0,36.25,9.5,2.5,5.0,25.145
1,S1_33,125.0,60.0,84.0,40.5,110.0,86.0,4.5,6.0,0.0,0.0,3.0,2.5,2.0,2.0,21.5,8.06,11.5,4.31,50.75,22.83,21.5,11.5,50.75,9.5,2.5,5.0,25.145
1,S1_34,97.0,0.0,50.0,41.0,72.0,4.5,0.0,4.5,0.0,0.0,3.0,2.0,12.5,2.0,11.75,4.4,3.75,1.4,14.5,6.52,11.75,3.75,14.5,9.5,2.5,5.0,25.145
2,S2_3,71.0,68.0,92.0,47.0,87.0,55.0,3.0,4.0,1.0,2.0,0.0,0.0,7.0,2.0,15.0,5.62,12.5,4.68,50.75,22.83,15.0,12.5,50.75,9.5,2.5,5.0,25.145
2,S2_4,95.0,0.0,67.4,33.0,78.0,42.0,2.0,4.0,0.0,1.0,0.0,1.5,8.0,2.0,12.5,4.68,5.75,2.15,34.75,15.63,12.5,5.75,34.75,9.5,2.5,5.0,25.145
2,S2_5,0.0,60.0,98.0,46.0,114.0,73.0,2.0,8.0,2.0,10.0,10.0,2.0,5.0,2.0,14.0,5.25,24.0,9.0,55.75,25.08,14.0,24.0,55.75,9.5,2.5,5.0,25.145
2,S2_6,60.0,0.0,38.0,24.0,50.0,48.0,1.0,7.0,1.0,2.0,0.0,1.5,6.0,2.0,14.0,5.25,10.0,3.75,36.25,16.31,14.0,10.0,36.25,9.5,2.5,5.0,25.145
2,S2_7,90.0,54.0,30.3,20.0,62.0,24.0,4.0,5.0,3.0,2.0,2.0,1.0,6.0,2.0,12.0,4.5,6.5,2.43,36.75,16.53,12.0,6.5,36.75,9.5,2.5,5.0,25.145
2,S2_8,0.0,0.0,46.0,17.0,106.0,64.0,2.0,5.0,0.0,5.0,7.0,1.5,9.0,2.0,9.0,3.37,11.5,4.31,37.25,16.76,9.0,11.5,37.25,9.5,2.5,5.0,25.145
2,S2_9,0.0,70.0,71.0,24.0,75.0,70.0,2.0,5.0,1.0,2.0,7.0,2.0,6.0,2.0,10.0,3.75,15.0,5.62,48.0,21.6,10.0,15.0,48.0,9.5,2.5,5.0,25.145
2,S2_10,82.0,60.0,52.0,38.0,22.0,4.5,3.5,8.0,2.0,10.0,2.0,5.0,12.5,2.0,22.25,8.34,19.5,7.31,44.0,19.8,22.25,19.5,44.0,9.5,2.5,5.0,25.145
2,S2_11,97.0,0.0,98.0,48.0,116.0,77.0,5.0,6.0,2.0,10.0,2.0,2.0,10.0,2.0,32.0,12.0,24.5,9.18,57.25,25.76,32.0,24.5,57.25,9.5,2.5,5.0,25.145
2,S2_12,127.0,68.0,98.0,47.0,118.0,76.0,5.0,10.0,4.0,10.0,4.0,5.0,12.0,2.0,35.25,13.21,32.0,12.0,76.25,34.31,35.25,32.0,76.25,9.5,2.5,5.0,25.145
2,S2_13,76.0,30.0,61.1,45.0,97.0,68.0,1.5,5.0,2.0,2.0,3.0,1.5,12.0,2.0,12.75,4.78,11.0,4.12,51.0,22.95,12.75,11.0,51.0,9.5,2.5,5.0,25.145
2,S2_14,124.0,57.0,74.0,25.0,59.0,37.0,2.0,5.0,0.0,8.0,2.0,1.5,8.0,2.0,19.0,7.12,19.5,7.31,37.75,16.98,19.0,19.5,37.75,9.5,2.5,5.0,25.145
2,S2_15,83.0,55.0,33.1,37.0,69.0,55.0,2.5,7.0,0.0,2.0,7.0,1.5,5.0,2.0,11.75,4.4,6.0,2.25,26.5,11.92,11.75,6.0,26.5,9.5,2.5,5.0,25.145
2,S2_16,117.0,64.0,98.0,45.0,99.0,77.0,1.0,5.0,0.0,7.0,5.0,1.0,6.0,2.0,14.75,5.53,11.5,4.31,39.0,17.55,14.75,11.5,39.0,9.5,2.5,5.0,25.145
2,S2_17,124.0,68.0,99.0,48.0,117.0,73.0,4.0,8.0,1.0,10.0,10.0,0.0,12.0,2.0,22.75,8.53,23.5,8.81,66.75,30.03,22.75,23.5,66.75,9.5,2.5,5.0,25.145
2,S2_18,105.0,60.0,79.0,44.0,109.0,68.0,4.0,5.0,0.0,2.0,2.0,1.5,7.0,2.0,20.0,7.5,10.5,3.93,40.25,18.11,20.0,10.5,40.25,9.5,2.5,5.0,25.145
2,S2_19,0.0,52.0,82.0,33.0,86.0,4.5,3.5,5.0,0.0,1.0,2.0,1.5,12.0,2.0,12.5,4.68,8.0,3.0,34.0,15.3,12.5,8.0,34.0,9.5,2.5,5.0,25.145
2,S2_20,61.0,68.0,75.0,41.0,88.0,75.0,1.0,5.0,1.0,0.0,0.0,0.0,11.0,2.0,8.5,3.18,15.5,5.86,7.0,3.15,8.5,15.5,7.0,9.5,2.5,5.0,25.145
2,S2_21,0.0,67.0,54.0,34.0,105.0,51.0,2.0,4.0,2.0,0.0,7.0,0.0,12.5,2.0,22.5,8.43,11.5,4.31,51.25,23.06,22.5,11.5,51.25,9.5,2.5,5.0,25.145
2,S2_22,94.0,60.0,83.0,19.6,74.0,55.0,1.5,6.0,0.0,1.0,3.0,2.5,9.0,2.0,18.5,6.93,7.25,2.71,46.5,20.92,18.5,7.25,46.5,9.5,2.5,5.0,25.145
2,S2_23,0.0,40.0,38.7,17.0,67.0,47.0,2.0,6.0,0.0,1.0,0.0,0.0,6.0,2.0,4.25,1.59,7.25,2.71,16.5,7.42,4.25,7.25,16.5,9.5,2.5,5.0,25.145
2,S2_24,77.0,65.0,37.0,34.0,80.0,54.0,2.5,6.0,3.0,2.0,0.0,1.5,12.5,2.0,14.25,5.34,6.5,2.43,28.5,12.82,14.25,6.5,28.5,9.5,2.5,5.0,25.145
2,S2_25,0.0,50.0,56.0,33.0,89.0,57.0,2.0,3.0,0.0,2.0,0.0,0.0,8.0,2.0,15.75,5.9,4.5,1.68,38.5,17.32,15.75,4.5,38.5,9.5,2.5,5.0,25.145
2,S2_26,0.0,56.0,25.4,14.0,38.0,4.5,2.0,3.0,0.0,0.0,7.0,2.0,12.5,5.62,2.5,0.93,1.25,0.46,5.5,2.47,2.5,1.25,5.5,9.5,2.5,5.0,25.145
2,S2_27,0.0,62.0,82.0,35.0,115.0,57.0,3.5,5.0,1.0,3.0,1.0,2.0,12.0,2.0,20.5,7.68,15.0,5.62,47.75,21.48,20.5,15.0,47.75,9.5,2.5,5.0,25.145
2,S2_28,0.0,60.0,82.0,29.0,97.0,57.0,5.0,3.0,3.0,10.0,2.0,1.5,12.0,2.0,19.0,7.12,9.5,3.56,43.5,19.57,19.0,9.5,43.5,9.5,2.5,5.0,25.145
3,S3_3,67.0,44.0,80.0,0.0,38.0,7.0,2.0,8.0,3.0,4.5,7.0,2.0,10.5,3.93,0.5,0.15,0.0,5.86,6.0,2.18,0.5,0.0,6.0,9.5,2.5,5.0,25.145
3,S3_4,61.0,68.0,75.0,20.0,46.0,0.0,6.5,6.0,6.5,6.0,7.0,5.0,22.0,8.25,9.6,2.88,45.0,1.35,38.5,14.0,9.6,45.0,38.5,9.5,2.5,5.0,25.145
3,S3_5,27.25,51.5,102.0,0.0,70.0,10.0,3.5,6.5,2.0,4.0,7.0,4.5,26.5,9.93,8.5,2.54,70.0,2.1,26.75,9.72,8.5,70.0,26.75,9.5,2.5,5.0,25.145
3,S3_6,53.5,64.5,86.0,37.0,50.0,8.5,7.0,10.0,6.0,9.5,7.0,3.5,25.5,9.56,35.0,10.5,65.0,1.95,47.25,17.18,35.0,65.0,47.25,9.5,2.5,5.0,25.145
3,S3_7,27.5,69.0,71.0,48.0,47.0,4.5,2.0,1.0,0.0,4.0,6.0,6.0,11.0,4.12,4.0,1.2,80.0,2.4,24.5,8.9,4.0,80.0,24.5,9.5,2.5,5.0,25.145
3,S3_8,72.5,82.0,101.0,57.0,67.0,6.0,6.0,8.5,6.0,4.0,10.0,6.0,35.0,13.12,20.0,6.0,50.0,1.5,58.25,21.18,20.0,50.0,58.25,9.5,2.5,5.0,25.145
3,S3_9,65.5,62.5,96.0,56.0,46.0,7.0,2.5,9.0,2.0,4.0,5.0,2.0,12.0,4.5,25.0,7.5,50.0,1.5,46.0,16.72,25.0,50.0,46.0,9.5,2.5,5.0,25.145
3,S3_10,43.0,74.0,71.0,28.0,39.0,2.5,0.0,7.0,8.5,5.0,4.0,4.5,8.5,3.18,7.3,2.19,30.0,0.9,19.75,7.18,7.3,30.0,19.75,9.5,2.5,5.0,25.145
3,S3_11,65.0,81.5,75.0,48.0,30.0,2.0,0.0,7.5,2.0,8.0,2.0,2.0,9.0,3.37,1.3,0.39,60.0,1.8,20.75,7.54,1.3,60.0,20.75,9.5,2.5,5.0,25.145
3,S3_12,74.0,52.0,119.0,60.0,80.0,10.0,9.5,8.0,5.0,7.0,10.0,7.5,33.5,12.56,42.0,12.6,85.0,2.54,67.0,24.36,42.0,85.0,67.0,9.5,2.5,5.0,25.145
3,S3_13,69.0,81.5,115.0,60.0,78.0,3.5,2.0,9.0,6.0,8.0,6.0,2.0,16.0,6.0,18.3,5.49,55.0,1.65,47.75,17.36,18.3,55.0,47.75,9.5,2.5,5.0,25.145
3,S3_14,61.0,42.0,83.0,0.0,0.0,10.0,0.0,6.0,8.5,9.0,7.0,4.5,15.5,5.81,23.5,7.05,65.0,1.95,47.75,17.36,23.5,65.0,47.75,9.5,2.5,5.0,25.145
3,S3_15,22.25,38.5,65.5,26.0,0.0,2.5,0.0,3.5,4.0,6.0,6.0,1.0,1.5,0.56,2.8,0.84,30.0,0.9,25.0,9.09,2.8,30.0,25.0,9.5,2.5,5.0,25.145
3,S3_16,61.0,68.0,75.0,46.0,38.0,4.5,0.0,2.5,4.0,4.0,1.0,1.5,5.0,1.87,1.0,0.3,15.5,5.86,10.0,3.63,1.0,15.5,10.0,9.5,2.5,5.0,25.145
3,S3_17,53.5,29.5,78.0,0.0,0.0,6.5,4.0,6.0,6.0,10.0,5.0,7.0,24.5,9.18,26.5,7.95,55.0,1.65,41.25,15.0,26.5,55.0,41.25,9.5,2.5,5.0,25.145
3,S3_18,49.0,76.0,107.0,58.0,0.0,7.0,4.0,4.0,6.0,7.0,5.0,7.5,11.0,4.12,15.5,4.65,70.0,2.1,48.5,17.63,15.5,70.0,48.5,9.5,2.5,5.0,25.145
3,S3_19,24.25,69.0,75.0,48.0,76.0,5.5,2.0,4.0,6.0,2.0,6.0,3.5,13.5,5.06,21.3,6.39,35.0,1.05,41.25,15.0,21.3,35.0,41.25,9.5,2.5,5.0,25.145
3,S3_20,71.0,83.0,113.0,60.0,76.0,7.0,4.5,4.0,5.0,9.0,7.0,4.0,24.5,9.18,13.5,4.05,80.0,2.4,39.0,14.18,13.5,80.0,39.0,9.5,2.5,5.0,25.145
3,S3_21,53.0,87.0,96.0,0.0,0.0,7.5,3.5,5.5,2.0,6.0,3.0,4.0,19.0,7.12,17.0,5.09,70.0,2.1,39.5,14.36,17.0,70.0,39.5,9.5,2.5,5.0,25.145
3,S3_22,63.5,0.0,97.0,57.0,77.0,0.0,7.0,8.0,6.0,10.0,5.0,7.0,17.0,6.37,17.5,5.25,95.0,2.85,42.25,15.36,17.5,95.0,42.25,9.5,2.5,5.0,25.145
3,S3_23,61.0,65.0,81.0,0.0,69.0,6.5,8.5,3.0,6.0,4.0,7.0,2.0,14.5,5.43,2.0,0.6,35.0,1.05,19.25,7.0,2.0,35.0,19.25,9.5,2.5,5.0,25.145
3,S3_24,69.5,82.5,90.0,58.0,76.0,7.0,1.0,9.0,6.0,9.0,7.0,2.0,18.0,6.75,24.5,7.35,60.0,1.8,51.0,18.54,24.5,60.0,51.0,9.5,2.5,5.0,25.145
3,S3_25,61.5,51.5,70.0,0.0,55.0,7.0,2.5,4.0,6.0,9.0,10.0,4.0,16.5,6.18,16.3,4.88,50.0,1.5,39.0,14.18,16.3,50.0,39.0,9.5,2.5,5.0,25.145
3,S3_26,51.0,80.0,116.0,51.0,74.0,7.5,2.5,6.0,6.0,8.0,7.0,5.0,27.5,10.31,13.5,4.05,70.0,2.1,38.0,13.81,13.5,70.0,38.0,9.5,2.5,5.0,25.145
3,S3_27,70.0,79.5,101.0,58.0,58.0,9.0,9.5,8.0,8.5,8.0,7.0,8.5,27.5,10.31,29.5,8.85,80.0,2.4,50.5,18.36,29.5,80.0,50.5,9.5,2.5,5.0,25.145
3,S3_28,65.5,0.0,76.0,40.0,52.0,10.0,5.0,8.0,3.0,3.0,0.0,5.5,10.0,3.75,4.5,1.35,90.0,2.7,17.5,6.36,4.5,90.0,17.5,9.5,2.5,5.0,25.145
3,S3_29,66.5,37.0,75.0,46.0,38.0,3.0,2.0,1.5,3.0,4.5,7.0,2.0,11.5,4.31,13.5,4.05,15.5,5.86,8.0,2.9,13.5,15.5,8.0,9.5,2.5,5.0,25.145
3,S3_30,59.5,53.5,87.0,46.0,75.0,7.0,2.5,3.5,6.0,4.0,2.0,3.5,20.5,7.68,23.9,7.17,70.0,2.1,50.75,18.45,23.9,70.0,50.75,9.5,2.5,5.0,25.145
3,S3_31,46.5,0.0,88.0,46.0,56.0,9.0,4.0,1.5,5.0,10.0,8.0,4.0,19.5,7.31,28.5,8.55,80.0,2.4,38.0,13.81,28.5,80.0,38.0,9.5,2.5,5.0,25.145
3,S3_32,64.5,36.0,50.0,18.0,21.0,3.0,4.5,5.0,6.0,8.0,7.0,3.5,9.5,3.56,3.0,0.9,15.5,5.86,24.75,9.0,3.0,15.5,24.75,9.5,2.5,5.0,25.145
3,S3_33,68.5,77.5,70.0,46.0,37.0,7.5,8.0,4.5,6.0,4.5,5.0,1.0,21.0,7.87,15.5,4.65,60.0,1.8,28.5,10.36,15.5,60.0,28.5,9.5,2.5,5.0,25.145
3,S3_34,69.0,87.0,105.0,0.0,67.0,10.0,9.5,3.0,3.0,5.0,7.0,10.5,32.5,12.18,24.5,7.35,80.0,2.4,36.25,13.18,24.5,80.0,36.25,9.5,2.5,5.0,25.145
3,S3_35,71.5,38.0,79.0,41.0,38.0,6.5,2.5,4.5,3.0,4.5,7.0,2.0,13.0,4.87,11.0,3.3,75.0,2.25,17.0,6.18,11.0,75.0,17.0,9.5,2.5,5.0,25.145
3,S3_36,72.0,82.0,101.0,0.0,55.0,7.0,0.0,9.0,8.0,7.0,7.0,3.5,22.5,8.43,16.5,4.95,95.0,2.85,33.75,12.27,16.5,95.0,33.75,9.5,2.5,5.0,25.145
3,S3_37,65.0,71.5,111.0,48.0,38.0,7.0,2.5,4.5,4.0,8.0,2.0,2.0,15.0,5.62,1.5,0.45,65.0,1.95,16.5,6.0,1.5,65.0,16.5,9.5,2.5,5.0,25.145
3,S3_38,61.0,25.0,54.0,14.0,0.0,1.0,0.5,2.0,3.0,2.0,7.0,2.0,5.0,1.87,1.5,0.45,15.5,5.86,12.0,4.36,1.5,15.5,12.0,9.5,2.5,5.0,25.145
3,S3_39,68.5,86.0,78.0,54.0,73.0,0.0,0.0,5.5,8.5,7.0,4.0,3.5,15.0,5.62,25.8,7.74,85.0,2.54,41.5,15.09,25.8,85.0,41.5,9.5,2.5,5.0,25.145
3,S3_40,61.0,63.0,80.0,0.0,63.0,7.0,6.5,2.5,3.0,5.0,7.0,5.5,22.0,8.25,16.2,4.86,15.5,5.86,28.75,10.45,16.2,15.5,28.75,9.5,2.5,5.0,25.145
3,S3_41,67.5,86.0,99.0,53.0,70.0,7.0,4.5,3.5,7.0,7.0,7.0,2.0,18.0,6.75,12.5,3.75,65.0,1.95,37.25,13.54,12.5,65.0,37.25,9.5,2.5,5.0,25.145
3,S3_42,64.0,82.0,106.0,51.0,73.0,8.5,7.0,5.5,8.5,5.0,7.0,2.5,22.5,8.43,13.0,3.9,95.0,2.85,34.5,12.54,13.0,95.0,34.5,9.5,2.5,5.0,25.145
3,S3_43,44.0,78.5,101.0,0.0,0.0,4.0,2.5,4.0,3.0,7.0,8.0,2.0,18.0,6.75,4.5,1.35,40.0,1.2,22.5,8.18,4.5,40.0,22.5,9.5,2.5,5.0,25.145
3,S3_44,44.5,83.0,91.0,0.0,65.0,7.0,2.5,8.0,3.0,6.0,7.0,0.5,8.0,3.0,4.5,1.35,15.5,5.86,10.5,3.81,4.5,15.5,10.5,9.5,2.5,5.0,25.145
4,S4_3,34.0,79.0,0.0,44.0,50.5,8.0,4.0,4.0,4.0,6.0,7.5,4.5,14.0,5.25,9.0,2.7,35.5,12.9,34.625,13.675,9.0,35.5,34.625,9.5,2.5,5.0,25.145
4,S4_4,78.0,80.5,85.5,46.0,61.0,0.5,9.5,6.5,6.5,4.5,4.0,11.0,27.0,10.12,36.5,10.95,48.25,17.54,34.625,13.675,36.5,48.25,34.625,9.5,2.5,5.0,25.145
4,S4_5,72.0,77.5,97.5,42.0,64.0,0.0,4.5,6.5,6.0,2.0,1.0,7.5,9.5,3.56,32.0,9.6,46.5,16.9,34.625,13.675,32.0,46.5,34.625,9.5,2.5,5.0,25.145
4,S4_6,72.0,68.0,103.5,46.0,76.5,2.0,4.5,10.0,4.5,4.5,7.0,0.0,12.5,4.68,11.5,3.45,18.25,6.63,34.625,13.675,11.5,18.25,34.625,9.5,2.5,5.0,25.145
4,S4_7,76.0,67.0,73.0,42.0,73.0,3.5,4.5,7.5,0.0,8.0,9.5,11.5,29.5,11.06,40.0,12.0,63.25,23.0,34.625,13.675,40.0,63.25,34.625,9.5,2.5,5.0,25.145
4,S4_8,31.0,74.0,89.5,14.0,53.0,1.5,0.0,3.0,2.5,4.5,8.0,3.5,10.0,3.75,17.0,5.09,22.5,8.18,34.625,13.675,17.0,22.5,34.625,9.5,2.5,5.0,25.145
4,S4_9,70.0,56.0,0.0,12.8,76.0,2.0,7.0,7.0,9.0,9.5,8.5,2.0,20.5,7.68,31.5,9.44,52.75,19.18,34.625,13.675,31.5,52.75,34.625,9.5,2.5,5.0,25.145
4,S4_10,34.0,89.5,57.5,0.0,72.5,7.5,7.5,7.0,2.0,6.5,6.5,4.5,35.5,13.31,36.5,10.95,41.0,14.9,34.625,13.675,36.5,41.0,34.625,9.5,2.5,5.0,25.145
4,S4_11,64.0,66.5,105.5,29.0,0.0,0.5,9.5,5.0,0.5,5.0,8.5,5.0,12.0,4.5,20.0,6.0,55.0,20.0,34.625,13.675,20.0,55.0,34.625,9.5,2.5,5.0,25.145
4,S4_12,37.0,83.0,98.0,55.5,78.5,9.5,3.5,8.5,5.5,4.5,9.0,9.0,26.0,9.75,35.5,10.65,57.75,21.0,34.625,13.675,35.5,57.75,34.625,9.5,2.5,5.0,25.145
4,S4_13,62.0,80.5,87.5,52.5,69.5,3.5,5.0,6.5,6.0,4.0,2.0,5.0,18.0,6.75,25.1,7.53,50.25,18.27,34.625,13.675,25.1,50.25,34.625,9.5,2.5,5.0,25.145
4,S4_14,62.0,66.0,82.0,0.0,48.5,1.5,3.5,9.0,5.0,0.0,1.5,0.0,6.0,2.25,3.0,0.9,13.5,4.9,34.625,13.675,3.0,13.5,34.625,9.5,2.5,5.0,25.145
4,S4_15,71.0,0.0,90.5,46.0,38.0,5.0,8.0,8.5,3.0,4.5,7.0,2.0,18.0,6.75,8.3,2.49,6.5,2.36,34.625,13.675,8.3,6.5,34.625,9.5,2.5,5.0,25.145
4,S4_16,68.0,68.0,0.0,27.3,71.5,4.5,10.0,9.0,9.5,0.5,4.0,1.0,20.0,7.5,26.75,8.02,45.5,16.54,34.625,13.675,26.75,45.5,34.625,9.5,2.5,5.0,25.145
4,S4_17,66.0,77.0,112.5,57.0,69.0,5.0,7.0,5.5,9.0,1.0,7.0,6.5,11.5,4.31,20.1,6.03,55.75,20.27,34.625,13.675,20.1,55.75,34.625,9.5,2.5,5.0,25.145
4,S4_18,65.5,31.0,102.5,11.9,33.0,1.0,9.5,7.5,4.0,5.0,10.0,5.0,30.5,11.43,17.6,5.28,34.75,12.63,34.625,13.675,17.6,34.75,34.625,9.5,2.5,5.0,25.145
4,S4_19,37.0,59.5,85.5,56.5,0.0,1.5,7.0,5.5,0.5,4.5,2.0,6.0,15.5,5.81,13.0,3.9,35.5,12.9,34.625,13.675,13.0,35.5,34.625,9.5,2.5,5.0,25.145
4,S4_20,71.0,97.5,106.0,46.0,75.0,5.5,9.0,8.5,9.5,9.0,7.0,10.0,26.0,9.75,40.0,12.0,69.5,25.27,34.625,13.675,40.0,69.5,34.625,9.5,2.5,5.0,25.145
4,S4_21,71.5,96.0,94.0,52.5,0.0,4.0,9.5,6.5,6.0,6.0,8.5,7.0,27.5,10.31,39.5,11.85,55.5,20.18,34.625,13.675,39.5,55.5,34.625,9.5,2.5,5.0,25.145
4,S4_22,59.5,52.5,49.0,46.0,40.0,4.5,1.0,5.5,7.5,3.0,2.0,2.0,8.0,3.0,5.0,1.5,20.5,7.45,34.625,13.675,5.0,20.5,34.625,9.5,2.5,5.0,25.145
4,S4_23,52.5,87.0,88.0,55.5,0.0,1.5,7.0,6.5,1.5,2.5,8.0,6.5,10.5,3.93,19.0,5.7,36.0,13.09,34.625,13.675,19.0,36.0,34.625,9.5,2.5,5.0,25.145
4,S4_24,31.5,76.0,0.0,47.0,50.0,7.0,10.0,6.5,7.5,4.0,1.0,9.5,25.5,9.56,28.6,8.58,48.5,17.63,34.625,13.675,28.6,48.5,34.625,9.5,2.5,5.0,25.145
4,S4_25,33.0,79.5,0.0,37.0,74.0,5.0,6.5,8.5,8.0,3.0,6.0,5.5,25.0,9.37,30.6,9.18,42.5,15.45,34.625,13.675,30.6,42.5,34.625,9.5,2.5,5.0,25.145
4,S4_26,74.0,74.0,106.0,19.95,38.0,5.0,10.0,8.5,9.0,5.5,7.5,6.5,26.5,9.93,28.0,8.4,38.75,14.09,34.625,13.675,28.0,38.75,34.625,9.5,2.5,5.0,25.145
4,S4_27,63.0,72.0,113.5,45.0,64.0,6.0,8.0,6.5,5.0,4.5,9.0,8.5,24.0,9.0,17.0,5.09,53.75,19.54,34.625,13.675,17.0,53.75,34.625,9.5,2.5,5.0,25.145
4,S4_28,60.5,54.0,78.0,0.0,47.0,3.0,0.0,6.0,2.0,3.0,2.5,7.0,11.5,4.31,10.1,3.03,34.25,12.45,34.625,13.675,10.1,34.25,34.625,9.5,2.5,5.0,25.145
4,S4_29,29.0,47.0,70.7,37.0,65.5,2.0,0.0,7.5,1.0,5.0,7.0,4.0,9.0,3.37,8.4,2.52,15.0,5.45,34.625,13.675,8.4,15.0,34.625,9.5,2.5,5.0,25.145
4,S4_30,70.0,79.0,84.0,42.5,69.5,3.5,9.0,5.0,7.0,6.5,6.0,7.0,19.0,7.12,10.1,3.03,58.0,21.09,34.625,13.675,10.1,58.0,34.625,9.5,2.5,5.0,25.145
4,S4_31,61.5,0.0,101.5,35.0,65.0,2.5,3.0,3.0,8.5,6.5,1.0,4.5,19.0,7.12,21.5,6.45,44.5,16.18,34.625,13.675,21.5,44.5,34.625,9.5,2.5,5.0,25.145
4,S4_32,63.0,47.5,78.0,12.75,43.0,1.0,4.5,4.0,9.0,4.5,8.5,6.0,23.5,8.81,12.5,3.75,18.75,6.81,34.625,13.675,12.5,18.75,34.625,9.5,2.5,5.0,25.145
4,S4_33,69.5,48.5,0.0,35.0,38.0,1.5,0.0,5.5,3.0,3.5,6.5,4.0,9.0,3.37,4.0,1.2,12.0,4.36,34.625,13.675,4.0,12.0,34.625,9.5,2.5,5.0,25.145
4,S4_34,77.5,69.0,108.5,40.5,65.5,1.5,3.5,8.5,3.0,4.5,4.0,5.0,9.0,3.37,18.1,5.43,27.25,9.9,34.625,13.675,18.1,27.25,34.625,9.5,2.5,5.0,25.145
4,S4_35,34.5,83.5,97.5,0.0,54.0,7.0,10.0,7.5,9.5,10.0,9.0,11.0,35.0,13.12,44.0,13.2,81.75,29.72,34.625,13.675,44.0,81.75,34.625,9.5,2.5,5.0,25.145
4,S4_36,35.5,0.0,72.0,0.0,51.0,4.5,0.0,4.5,2.0,5.0,5.5,6.0,13.0,4.87,8.5,2.54,21.5,7.81,34.625,13.675,8.5,21.5,34.625,9.5,2.5,5.0,25.145
4,S4_37,64.0,0.0,75.0,29.0,47.0,4.5,10.0,4.0,3.0,1.5,6.0,2.0,12.0,4.5,5.0,1.5,29.75,10.81,34.625,13.675,5.0,29.75,34.625,9.5,2.5,5.0,25.145
4,S4_38,75.5,55.0,68.5,42.0,72.0,3.5,10.0,9.0,9.0,5.5,7.0,3.0,21.5,8.06,22.8,6.84,46.75,17.0,34.625,13.675,22.8,46.75,34.625,9.5,2.5,5.0,25.145
4,S4_39,34.0,53.5,105.0,0.0,70.0,1.0,7.5,2.5,3.5,7.5,7.0,2.0,14.0,5.25,12.5,3.75,20.75,7.54,34.625,13.675,12.5,20.75,34.625,9.5,2.5,5.0,25.145
4,S4_40,65.5,67.0,90.5,0.0,0.0,2.0,2.5,8.5,2.5,3.0,0.5,2.0,5.0,1.87,4.0,1.2,12.0,4.36,34.625,13.675,4.0,12.0,34.625,9.5,2.5,5.0,25.145
4,S4_41,67.0,91.0,117.0,49.5,75.0,1.0,10.0,8.5,8.0,4.5,7.5,3.5,27.0,10.12,32.6,9.77,55.0,20.0,34.625,13.675,32.6,55.0,34.625,9.5,2.5,5.0,25.145
4,S4_42,60.0,67.0,67.5,29.5,46.5,3.5,6.5,5.5,7.5,0.5,1.0,4.5,16.5,6.18,24.1,7.23,25.0,9.09,34.625,13.675,24.1,25.0,34.625,9.5,2.5,5.0,25.145
4,S4_43,56.0,68.5,58.0,0.0,30.0,1.5,2.5,4.5,3.5,1.5,0.5,4.0,9.0,3.37,5.8,1.74,36.25,13.18,34.625,13.675,5.8,36.25,34.625,9.5,2.5,5.0,25.145
4,S4_44,33.5,89.5,110.0,54.0,67.0,1.5,0.0,5.5,6.0,2.0,1.0,4.0,26.5,9.93,25.2,7.56,42.0,15.27,34.625,13.675,25.2,42.0,34.625,9.5,2.5,5.0,25.145
4,S4_45,60.0,83.0,0.0,39.0,73.0,1.0,0.0,7.0,5.5,0.0,0.5,6.0,14.5,5.43,16.5,4.95,25.25,9.18,34.625,13.675,16.5,25.25,34.625,9.5,2.5,5.0,25.145
4,S4_46,52.0,82.0,104.0,55.0,63.5,4.5,5.0,8.5,4.5,2.5,4.0,2.5,16.0,6.0,13.3,3.99,45.5,16.54,34.625,13.675,13.3,45.5,34.625,9.5,2.5,5.0,25.145
5,S5_3,68.5,0.0,87.0,74.0,3.5,2.0,5.0,7.0,9.0,9.0,7.5,2.0,13.0,5.62,11.0,8.0,17.5,9.95,39.0,17.0,11.0,17.5,39.0,13.5,8.5,8.0,35.2
5,S5_4,33.0,98.0,53.0,69.0,5.0,3.0,0.0,6.0,5.0,6.0,9.0,1.0,15.0,6.25,11.0,1.0,13.5,6.94,34.0,17.0,11.0,13.5,34.0,4.5,3.0,3.5,25.34
5,S5_5,35.0,0.0,75.0,39.0,1.5,6.0,6.0,6.0,4.0,5.0,20.0,2.0,16.0,9.5,17.5,2.0,11.0,8.31,28.0,13.0,17.5,11.0,28.0,12.5,7.0,11.7,29.54
5,S5_6,40.5,90.0,76.0,53.0,0.5,4.5,6.0,5.0,4.0,3.0,5.0,0.0,18.0,5.75,8.5,2.0,11.0,5.86,39.0,12.0,8.5,11.0,39.0,12.5,7.0,5.0,30.93
5,S5_7,0.0,87.0,63.0,64.0,1.0,5.0,6.0,6.0,6.0,8.0,6.5,0.5,13.0,5.0,12.0,3.0,11.5,7.22,32.5,12.0,12.0,11.5,32.5,13.0,4.5,11.5,30.07
5,S5_8,61.0,93.0,89.0,46.0,6.5,6.0,0.0,5.0,6.5,7.0,20.0,18.0,18.0,14.0,12.0,8.0,19.0,10.63,38.0,12.0,12.0,19.0,38.0,11.0,4.0,10.0,30.69
5,S5_9,41.65,105.0,88.0,60.0,9.0,5.0,6.0,3.0,4.0,4.5,19.0,1.0,12.0,8.0,19.0,4.5,16.5,10.9,25.0,11.0,19.0,16.5,25.0,11.5,6.5,8.0,25.38
5,S5_10,89.0,94.0,87.0,73.0,6.0,2.0,0.0,1.0,8.0,9.0,20.0,2.0,13.0,8.75,15.0,13.0,17.0,12.27,34.0,16.0,15.0,17.0,34.0,14.5,10.0,15.0,36.62
5,S5_11,35.0,0.0,39.0,25.0,3.0,2.0,4.0,1.0,4.0,6.5,8.0,1.0,12.0,5.25,11.0,2.0,15.5,7.76,35.0,16.0,11.0,15.5,35.0,8.0,2.0,0.5,25.16
5,S5_12,37.5,92.0,78.0,47.0,3.5,5.0,7.0,0.0,6.0,8.0,19.0,0.0,15.0,8.5,11.0,2.0,17.0,8.17,30.5,13.0,11.0,17.0,30.5,11.0,2.5,6.0,25.78
5,S5_13,82.5,110.0,86.0,70.0,3.5,6.0,8.0,5.0,7.0,4.0,14.0,3.0,13.0,7.5,16.0,6.5,16.5,10.63,32.5,17.0,16.0,16.5,32.5,10.5,2.0,8.0,28.61
5,S5_14,62.0,111.0,72.0,72.0,1.5,2.0,7.0,2.0,7.0,1.0,10.0,0.0,10.0,5.0,2.5,1.0,9.0,3.4,29.0,18.0,2.5,9.0,29.0,6.5,0.0,4.2,23.56
5,S5_15,55.5,80.0,74.0,53.0,5.0,1.0,0.0,5.0,6.0,6.0,20.0,2.0,13.0,8.75,20.0,2.0,16.5,10.49,36.0,12.0,20.0,16.5,36.0,12.5,4.0,4.5,28.26
5,S5_16,74.5,101.0,86.0,65.0,10.0,3.0,12.0,3.0,9.0,7.0,7.0,1.0,18.0,6.5,14.0,10.0,18.5,11.58,35.5,12.0,14.0,18.5,35.5,14.0,8.0,12.0,33.36
5,S5_17,18.5,103.0,71.0,64.0,0.5,1.0,7.0,5.0,7.0,8.0,16.5,2.0,16.0,8.62,10.5,14.0,12.5,10.09,33.0,19.0,10.5,12.5,33.0,11.0,11.0,9.5,34.16
5,S5_18,27.0,88.0,51.0,66.0,0.5,2.0,6.0,2.0,0.0,4.0,8.0,1.0,11.0,5.0,2.5,0.5,4.0,1.9,26.5,4.0,2.5,4.0,26.5,2.0,0.0,1.5,13.91
5,S5_19,0.0,86.0,60.0,55.0,7.0,5.0,5.0,1.0,2.0,9.0,18.0,3.0,18.0,9.75,16.0,0.0,8.0,6.54,36.0,16.0,16.0,8.0,36.0,15.0,6.0,10.5,34.17
5,S5_20,59.0,94.0,77.0,56.0,5.5,0.0,9.0,0.0,4.0,6.0,20.0,0.5,14.0,8.62,11.0,2.0,19.5,8.85,37.0,13.0,11.0,19.5,37.0,10.5,6.0,8.5,30.69
5,S5_21,30.5,0.0,45.0,36.0,2.0,1.0,6.0,0.0,0.0,1.0,20.0,0.0,15.0,8.75,6.0,1.0,19.5,7.22,28.0,11.0,6.0,19.5,28.0,3.5,0.0,0.0,17.38
5,S5_22,27.0,0.0,73.0,60.0,4.5,5.0,7.0,2.0,0.0,4.5,13.0,0.0,13.0,6.5,1.0,2.0,11.5,3.95,17.5,11.0,1.0,11.5,17.5,4.0,1.5,0.0,13.9
5,S5_23,47.0,0.0,91.0,59.0,0.0,3.0,0.0,2.0,3.0,4.5,2.5,1.0,12.0,3.87,0.0,2.0,5.5,2.04,13.0,5.0,0.0,5.5,13.0,0.0,0.5,0.5,7.76
5,S5_24,54.0,87.0,46.0,58.0,7.0,1.0,8.0,2.0,1.0,4.5,10.0,2.0,10.0,5.5,1.5,1.0,14.5,4.63,28.0,15.0,1.5,14.5,28.0,8.5,1.5,0.5,21.89
5,S5_25,41.0,85.0,54.0,62.0,4.5,3.0,0.0,4.0,1.0,6.0,8.0,0.0,15.0,5.75,12.0,0.5,7.0,5.31,27.0,9.0,12.0,7.0,27.0,3.0,0.0,0.5,16.15
5,S5_26,63.5,105.0,75.0,53.0,0.5,4.0,6.0,8.0,4.0,7.0,18.0,0.0,16.0,8.5,13.5,10.0,14.5,10.36,37.5,18.0,13.5,14.5,37.5,13.5,3.0,5.0,31.51
5,S5_27,37.75,102.0,77.0,60.0,8.0,0.0,7.0,5.0,8.0,4.5,10.0,1.0,15.0,6.5,16.5,7.0,16.0,10.76,39.0,13.0,16.5,16.0,39.0,10.5,9.5,8.5,32.96
5,S5_28,71.0,25.8,75.0,40.0,5.0,3.0,8.0,1.0,6.0,9.0,16.0,3.5,13.0,8.12,10.5,2.0,12.5,6.81,40.0,18.0,10.5,12.5,40.0,14.0,11.0,15.5,40.3
5,S5_29,12.0,64.0,62.0,55.0,0.0,1.0,6.0,0.0,2.0,7.0,20.0,0.0,14.0,8.5,15.0,0.0,8.5,6.4,27.0,20.0,15.0,8.5,27.0,11.5,2.0,9.5,28.59
5,S5_30,24.5,71.0,71.0,54.0,38.0,0.0,6.0,1.0,1.0,1.0,8.0,0.0,13.0,5.25,6.0,2.0,4.5,3.4,18.0,7.0,6.0,4.5,18.0,7.0,1.0,2.5,14.53
5,S5_31,22.0,0.0,49.0,64.0,0.5,0.0,5.0,0.0,7.0,4.5,4.5,0.0,10.0,3.62,1.0,1.0,1.0,0.81,20.0,9.0,1.0,1.0,20.0,5.5,0.0,0.0,14.11
5,S5_32,69.0,104.0,76.0,69.0,6.5,0.0,9.0,3.13,1.0,6.0,15.5,1.0,11.0,6.87,8.5,1.0,9.0,5.04,33.0,13.0,8.5,9.0,33.0,9.0,1.0,6.0,25.35
5,S5_33,73.5,69.0,71.0,62.0,5.5,6.0,6.0,8.0,9.0,6.0,14.0,2.0,16.0,8.0,15.0,14.0,7.0,9.82,38.0,11.0,15.0,7.0,38.0,14.0,8.0,5.0,31.15
5,S5_34,23.5,73.0,52.0,30.0,2.5,4.0,7.0,0.0,5.0,3.0,20.0,0.5,14.0,8.62,8.0,0.0,9.0,4.63,20.5,0.0,8.0,9.0,20.5,9.5,2.5,2.0,14.17
5,S5_35,88.0,106.0,71.0,59.0,3.5,2.0,8.0,4.0,2.0,1.0,20.0,2.0,10.0,8.0,5.0,1.0,14.5,5.58,28.0,9.0,5.0,14.5,28.0,11.0,0.0,9.0,23.31
5,S5_36,45.5,89.0,65.0,49.0,0.5,2.0,0.0,2.0,3.0,6.0,20.0,0.5,16.0,9.12,11.0,2.0,11.5,6.67,23.0,16.0,11.0,11.5,23.0,10.5,2.0,5.0,23.1
5,S5_37,65.0,108.0,84.0,76.0,0.5,5.0,9.0,7.0,9.0,8.0,3.0,3.0,12.0,4.5,16.0,10.0,20.0,12.54,37.0,14.0,16.0,20.0,37.0,14.5,8.0,19.0,37.83
5,S5_38,40.0,0.0,45.0,40.0,0.5,0.0,7.0,3.5,3.0,1.0,5.0,0.0,5.0,2.5,6.0,0.0,7.0,3.54,21.0,0.0,6.0,7.0,21.0,0.0,1.5,0.0,9.23
5,S5_39,41.5,103.0,86.0,77.0,6.0,0.0,10.0,5.13,4.0,6.5,17.5,1.0,18.0,9.12,19.0,12.0,4.5,9.68,35.5,17.0,19.0,4.5,35.5,14.5,13.0,11.0,37.26
5,S5_40,67.0,107.0,75.0,59.0,10.0,3.0,9.0,1.0,8.0,7.0,20.0,2.0,15.0,9.25,13.0,3.0,19.0,9.53,34.0,14.0,13.0,19.0,34.0,14.5,0.0,11.0,30.05
5,S5_41,24.0,102.0,69.0,46.0,6.5,6.0,3.0,5.0,8.0,7.0,19.0,0.0,14.0,8.25,14.0,1.0,14.5,8.03,34.0,13.0,14.0,14.5,34.0,9.5,9.0,7.3,29.8
5,S5_42,28.5,76.0,80.0,70.0,10.0,5.0,12.0,2.0,9.0,6.5,19.0,0.0,12.0,7.75,16.0,1.0,17.0,9.26,36.0,0.0,16.0,17.0,36.0,10.0,12.0,13.5,29.32
5,S5_43,72.5,0.0,65.0,51.0,1.5,0.0,4.0,0.0,0.0,1.0,20.0,3.0,13.0,9.0,14.0,1.0,4.5,5.31,26.5,15.0,14.0,4.5,26.5,8.5,1.0,0.5,21.06
5,S5_44,61.0,101.0,89.0,62.0,0.5,0.0,5.0,1.0,4.0,1.0,1.5,0.0,12.0,3.37,10.0,1.0,11.5,6.13,24.0,10.0,10.0,11.5,24.0,7.0,0.0,2.0,17.59
5,S5_45,38.0,95.0,74.0,67.0,3.5,1.0,11.0,0.0,3.0,6.5,7.0,0.0,11.0,4.5,10.5,2.0,6.0,5.04,20.5,12.0,10.5,6.0,20.5,8.0,0.0,4.5,18.39
5,S5_46,17.5,93.0,52.0,58.0,0.0,2.0,8.0,3.0,6.5,5.0,20.0,1.0,12.0,8.25,12.5,3.0,14.5,8.17,22.5,19.0,12.5,14.5,22.5,12.5,4.0,5.5,25.96
5,S5_47,59.5,76.0,88.0,54.0,0.5,4.0,2.0,1.0,1.0,5.0,15.0,0.0,13.0,7.0,6.0,2.0,2.5,2.86,15.0,6.0,6.0,2.5,15.0,4.5,2.5,2.5,12.48
5,S5_48,22.0,0.0,50.0,44.0,0.5,4.5,7.0,0.0,6.5,3.0,16.0,0.0,15.0,7.75,4.5,1.0,10.5,4.36,21.0,10.0,4.5,10.5,21.0,9.5,1.0,4.5,18.82
5,S5_49,99.0,114.0,97.0,80.0,10.0,10.0,13.0,9.1,10.0,10.0,20.0,18.0,17.0,13.75,20.0,15.0,20.0,15.0,39.0,20.0,20.0,20.0,39.0,15.0,8.0,19.0,41.29
5,S5_50,70.0,86.0,52.0,34.0,0.5,0.0,11.0,3.0,8.5,1.0,15.0,1.0,20.0,9.0,13.0,5.0,14.5,8.86,29.5,19.0,13.0,14.5,29.5,9.5,3.0,4.8,26.9
5,S5_51,37.0,0.0,88.0,67.0,1.5,0.0,0.0,4.0,5.0,6.0,19.0,2.0,15.0,9.0,16.0,4.0,13.0,8.99,35.0,14.0,16.0,13.0,35.0,11.0,6.5,8.0,30.49
6,S6_3,45.0,91.0,43.0,0.0,2.0,5.0,3.5,0.0,1.5,5.0,20.0,1.0,1.0,5.5,20.0,0.0,9.0,7.9,38.0,7.0,20.0,9.0,38.0,2.0,3.0,2.0,21.29
6,S6_4,61.0,42.0,40.0,46.0,4.5,0.0,4.0,5.0,3.0,0.0,6.0,0.0,14.0,5.0,15.0,0.0,2.0,4.63,15.0,11.0,15.0,2.0,15.0,5.0,3.5,2.0,14.92
6,S6_5,31.0,91.0,69.0,0.0,3.5,0.0,4.5,4.0,2.0,1.0,5.0,0.5,12.0,4.37,6.0,3.5,14.5,6.54,30.0,5.0,6.0,14.5,30.0,7.5,0.5,1.5,18.23
6,S6_6,61.0,75.0,79.0,0.0,5.0,0.0,4.0,6.0,3.0,8.5,17.0,1.0,20.0,9.5,3.0,1.0,14.5,5.04,25.0,16.0,3.0,14.5,25.0,5.5,4.0,5.5,22.88
6,S6_7,56.5,65.0,87.0,70.0,5.0,4.0,3.5,6.0,3.0,4.0,16.0,0.0,14.0,7.5,17.0,1.0,6.5,6.67,14.0,9.0,17.0,6.5,14.0,6.0,1.0,9.5,16.12
6,S6_8,38.0,60.0,51.0,0.0,1.5,0.0,2.5,0.0,3.0,8.0,6.5,1.0,7.0,3.62,8.0,1.0,7.0,4.36,19.5,3.0,8.0,7.0,19.5,0.0,0.0,0.0,9.21
6,S6_9,34.5,79.0,56.0,68.0,3.5,5.0,1.0,0.0,0.0,2.0,9.0,0.0,10.0,4.75,1.0,2.0,14.0,4.63,31.0,17.0,1.0,14.0,31.0,6.0,2.5,5.0,25.13
6,S6_10,72.0,0.0,85.0,78.0,6.0,3.0,2.5,0.0,6.0,2.0,20.0,14.0,15.0,12.25,16.0,7.0,19.5,11.58,38.0,15.0,16.0,19.5,38.0,11.5,8.75,7.5,33.06
6,S6_11,34.0,86.0,54.0,50.0,4.0,0.0,3.0,5.0,0.0,1.0,13.0,1.0,12.0,6.5,13.0,1.0,11.5,6.94,32.0,11.0,13.0,11.5,32.0,12.5,3.5,7.0,27.02
6,S6_12,48.0,99.0,55.0,48.0,5.0,6.0,4.5,7.0,0.0,2.0,17.0,0.5,19.0,9.12,6.0,4.0,11.5,5.86,30.0,10.0,6.0,11.5,30.0,13.5,0.0,6.5,24.56
6,S6_13,54.0,88.0,27.0,67.0,4.0,4.0,6.5,5.0,3.0,2.0,12.0,0.5,9.0,5.37,7.0,1.0,0.5,2.31,24.0,2.0,7.0,0.5,24.0,0.5,0.0,0.0,10.85
6,S6_14,63.0,79.0,78.0,45.0,7.0,3.0,4.5,7.0,1.5,4.5,20.0,1.5,8.0,7.37,13.0,9.0,15.0,10.09,33.0,12.0,13.0,15.0,33.0,13.5,13.0,8.5,32.78
6,S6_15,81.5,105.0,81.0,78.0,5.5,0.0,6.5,7.0,6.0,5.0,14.0,2.0,14.0,7.5,19.0,5.0,19.5,11.85,39.0,20.0,19.0,19.5,39.0,14.5,5.0,16.2,38.71
6,S6_16,82.5,79.0,76.0,58.0,10.0,6.0,4.5,9.5,3.0,5.0,20.0,0.5,13.0,8.37,19.0,3.5,20.0,11.58,38.0,13.0,19.0,20.0,38.0,15.0,6.0,16.0,36.0
6,S6_17,52.5,95.0,75.0,0.0,6.0,2.0,3.5,3.0,0.5,0.0,3.0,0.0,13.0,4.0,15.0,2.0,13.0,8.17,31.0,9.0,15.0,13.0,31.0,10.0,1.0,4.0,22.52
6,S6_18,49.0,97.0,88.0,73.0,3.5,5.0,4.5,6.0,3.0,5.0,16.0,0.0,8.0,6.0,13.0,1.0,13.5,7.49,37.0,7.0,13.0,13.5,37.0,7.5,2.5,4.5,23.96
6,S6_19,44.5,78.0,0.0,47.0,5.5,0.0,3.5,0.0,0.0,0.0,20.0,1.0,6.0,6.75,0.0,3.0,14.0,4.63,22.0,10.0,0.0,14.0,22.0,10.0,0.0,4.0,18.82
6,S6_20,33.5,77.0,42.0,46.0,0.0,0.0,2.5,2.0,1.0,3.0,9.0,0.0,10.0,4.75,8.0,0.0,9.0,4.63,17.0,8.0,8.0,9.0,17.0,9.0,2.25,1.5,15.46
6,S6_21,56.0,79.0,96.0,73.0,7.5,0.0,6.5,8.0,7.5,4.5,19.0,1.0,14.0,8.5,19.0,14.0,19.5,14.31,39.0,15.0,19.0,19.5,39.0,15.0,4.0,16.0,36.39
6,S6_22,81.5,88.0,62.0,0.0,3.0,1.0,3.5,2.0,0.0,6.5,13.0,0.0,11.0,6.0,5.0,3.5,8.5,4.63,20.0,5.0,5.0,8.5,20.0,8.5,0.5,4.5,15.76
6,S6_23,46.0,77.0,49.0,46.0,5.0,2.0,2.5,5.0,0.5,6.0,3.0,1.0,12.0,4.0,4.0,0.0,9.0,3.54,21.0,13.0,4.0,9.0,21.0,9.0,6.0,7.0,22.91
6,S6_24,37.0,0.0,91.0,72.0,0.0,0.0,2.5,6.0,3.0,3.0,11.0,0.0,15.0,6.5,12.0,3.0,14.5,8.04,33.0,11.0,12.0,14.5,33.0,9.0,3.0,11.0,27.4
6,S6_25,48.0,84.0,67.0,51.0,6.5,0.0,4.0,0.0,0.0,3.0,16.0,0.0,11.0,6.75,12.0,1.0,4.5,4.76,34.0,7.0,12.0,4.5,34.0,11.0,6.0,3.5,25.21
6,S6_26,16.0,75.0,77.0,69.0,0.0,0.0,3.5,5.0,0.5,1.0,8.0,0.0,14.0,5.5,2.0,2.0,6.0,2.72,19.0,3.0,2.0,6.0,19.0,3.0,0.0,0.5,10.44
6,S6_27,79.5,71.0,75.0,71.0,7.0,0.0,3.5,5.0,5.0,9.0,20.0,2.0,11.0,8.25,14.0,1.0,17.0,8.72,37.0,10.0,14.0,17.0,37.0,13.5,15.0,10.0,35.04
6,S6_28,61.5,0.0,85.0,68.0,5.0,1.0,4.5,3.0,3.5,4.0,17.5,1.0,13.0,7.87,12.0,8.5,17.0,10.22,36.0,18.0,12.0,17.0,36.0,13.5,9.0,8.3,34.71
6,S6_29,26.5,0.0,75.0,37.0,0.0,0.0,2.5,2.0,0.5,4.0,5.0,0.0,10.0,3.75,5.0,2.5,14.5,5.99,24.0,8.0,5.0,14.5,24.0,2.0,0.0,2.0,14.71
6,S6_30,60.5,0.0,93.0,56.0,5.5,7.0,2.0,3.0,4.0,3.0,20.0,1.0,14.0,8.75,12.0,8.0,12.0,8.72,36.0,5.0,12.0,12.0,36.0,15.0,8.5,10.0,30.54
6,S6_31,32.0,69.0,68.0,67.0,5.0,0.0,2.5,0.0,0.0,0.0,5.0,0.0,0.0,1.25,3.0,3.0,3.0,2.45,29.0,10.0,3.0,3.0,29.0,4.0,1.5,2.5,19.22
6,S6_32,37.0,101.0,81.0,71.0,7.0,6.0,4.5,8.0,7.5,1.0,20.0,12.0,12.0,11.0,17.0,9.5,20.0,12.67,39.0,16.0,17.0,20.0,39.0,13.0,13.0,15.0,39.29
6,S6_33,46.0,67.0,80.0,71.0,0.0,0.0,5.0,0.0,3.0,2.0,12.0,1.0,13.0,6.5,15.0,1.0,16.0,8.72,27.0,19.0,15.0,16.0,27.0,11.0,6.5,10.0,30.04
6,S6_34,40.0,0.0,55.0,62.0,5.0,6.0,2.0,5.0,0.0,8.0,16.0,1.0,12.0,7.25,16.0,0.0,10.5,7.22,30.0,12.0,16.0,10.5,30.0,7.5,1.5,3.0,22.09
6,S6_35,52.5,86.0,41.0,28.0,5.0,1.0,3.0,0.0,0.0,0.0,19.0,2.0,16.0,9.25,8.0,2.0,8.0,4.9,19.0,10.0,8.0,8.0,19.0,0.0,1.25,0.0,12.35
6,S6_36,50.0,95.0,82.0,73.0,0.0,0.0,4.5,0.0,3.0,4.5,7.0,0.0,12.0,4.75,10.0,0.0,5.0,4.08,19.0,6.0,10.0,5.0,19.0,2.0,1.0,2.5,12.47
6,S6_37,61.5,96.0,93.0,74.0,4.5,0.0,5.0,7.0,1.5,1.0,14.0,3.0,14.0,7.75,5.0,9.5,7.5,6.0,38.0,14.0,5.0,7.5,38.0,10.0,11.5,7.0,32.97
6,S6_38,61.0,70.0,30.0,59.0,5.5,0.0,4.0,5.0,2.0,1.5,14.0,0.0,13.0,6.75,16.0,0.0,14.5,8.31,20.5,8.0,16.0,14.5,20.5,8.0,1.5,3.0,16.78
6,S6_39,55.0,98.0,45.0,66.0,5.0,0.0,3.5,8.0,0.5,5.0,14.0,2.0,15.0,7.75,16.0,4.5,20.0,11.04,32.0,14.0,16.0,20.0,32.0,8.5,9.0,5.0,28.04
6,S6_40,55.0,93.0,66.0,0.0,8.0,2.0,3.5,4.0,1.5,3.0,12.0,1.0,18.0,7.75,14.0,1.0,19.5,9.4,36.0,20.0,14.0,19.5,36.0,12.0,2.5,6.5,31.48
6,S6_41,37.5,0.0,52.0,57.0,0.0,0.0,1.5,0.0,0.0,1.5,10.0,0.0,8.0,4.5,7.0,0.0,2.0,2.45,10.0,1.0,7.0,2.0,10.0,2.5,1.25,0.0,6.05
6,S6_42,64.5,79.0,69.0,68.0,10.0,0.0,4.0,0.0,2.0,7.0,18.0,0.5,12.0,7.62,11.0,1.0,18.0,8.17,37.0,9.0,11.0,18.0,37.0,7.5,2.0,5.0,24.76
6,S6_43,61.0,87.0,65.0,0.0,5.0,0.0,3.5,5.0,0.5,4.5,7.0,1.0,14.0,5.5,8.0,0.5,4.0,3.4,18.5,15.0,8.0,4.0,18.5,9.0,2.0,3.5,19.62
6,S6_44,43.0,72.0,0.0,57.0,0.0,0.0,3.0,4.5,0.0,0.0,11.0,1.0,10.0,5.5,4.0,2.0,9.5,4.22,27.0,10.0,4.0,9.5,27.0,7.5,2.5,4.0,20.87
6,S6_45,39.5,68.0,0.0,0.0,0.0,0.0,4.0,0.0,0.0,0.0,4.0,0.0,14.0,4.5,0.0,0.0,0.0,5.86,8.5,9.0,0.0,0.0,8.5,0.0,0.0,0.0,7.13
6,S6_46,72.5,90.0,82.0,72.0,10.0,6.0,1.5,8.0,2.5,5.0,9.0,4.0,16.0,7.25,14.0,10.0,14.5,10.49,37.0,11.0,14.0,14.5,37.0,12.5,6.0,7.5,30.3
6,S6_47,0.0,68.0,75.0,46.0,5.0,0.0,1.5,0.0,3.0,4.5,16.0,0.5,13.0,7.37,7.0,0.0,3.0,2.72,15.5,9.0,7.0,3.0,15.5,0.0,1.0,0.0,10.41
6,S6_48,70.5,92.0,73.0,61.0,1.5,7.0,3.0,0.0,1.0,4.0,18.0,2.0,13.0,8.25,17.0,2.0,7.0,7.08,35.0,7.0,17.0,7.0,35.0,14.0,5.0,8.0,28.27
6,S6_49,41.5,0.0,88.0,72.0,6.0,2.0,3.0,0.0,0.0,3.0,19.5,2.0,13.0,8.62,12.0,3.0,5.5,5.58,36.0,5.0,12.0,5.5,36.0,9.5,4.5,1.5,23.17
6,S6_50,32.0,96.0,77.0,66.0,0.0,0.0,3.5,6.0,2.5,4.5,17.0,0.5,11.0,7.12,13.0,1.0,16.0,8.17,33.0,6.0,13.0,16.0,33.0,13.5,2.0,4.5,24.18
6,S6_51,43.5,0.0,75.0,71.0,0.0,2.0,1.5,2.0,0.5,4.0,14.0,2.0,10.0,6.5,12.0,1.5,15.0,7.76,26.5,8.0,12.0,15.0,26.5,8.0,7.5,7.5,23.54
